{"cameraMode":{"drawMode":0,"name":"Shaded","section":"Shading Mode"},"sceneLighting":false,"audioPlay":false,"sceneViewState":{"m_AlwaysRefresh":true,"showFog":true,"showSkybox":false,"showFlares":true,"showImageEffects":true,"showParticleSystems":true,"showVisualEffectGraphs":true,"m_FxEnabled":true},"in2DMode":false,"pivot":{"x":-12.937000274658204,"y":9.359999656677246,"z":-8.368000030517579},"rotation":{"x":-0.30420494079589846,"y":-0.11426292359828949,"z":0.03670334443449974,"w":-0.9450868964195252},"size":0.7800533175468445,"orthographic":true}