{"cameraMode":{"drawMode":0,"name":"Shaded","section":"Shading Mode"},"sceneLighting":true,"audioPlay":false,"sceneViewState":{"m_AlwaysRefresh":true,"showFog":true,"showSkybox":true,"showFlares":true,"showImageEffects":true,"showParticleSystems":true,"showVisualEffectGraphs":true,"m_FxEnabled":true},"in2DMode":false,"pivot":{"x":-13.559319496154786,"y":6.1666107177734379,"z":-3.8517141342163088},"rotation":{"x":0.28718629479408266,"y":-0.1134631559252739,"z":0.03426208719611168,"w":0.9505735039710999},"size":5.192753791809082,"orthographic":false}