{"cameraMode":{"drawMode":0,"name":"Shaded","section":"Shading Mode"},"sceneLighting":true,"audioPlay":false,"sceneViewState":{"m_AlwaysRefresh":true,"showFog":true,"showSkybox":true,"showFlares":true,"showImageEffects":true,"showParticleSystems":true,"showVisualEffectGraphs":true,"m_FxEnabled":true},"in2DMode":false,"pivot":{"x":-10.728832244873047,"y":6.876750946044922,"z":-5.223507881164551},"rotation":{"x":0.34591102600097659,"y":0.36060813069343569,"z":-0.14611294865608216,"w":0.8539118766784668},"size":4.106194972991943,"orthographic":true}