{"cameraMode":{"drawMode":0,"name":"Shaded","section":"Shading Mode"},"sceneLighting":true,"audioPlay":false,"sceneViewState":{"m_AlwaysRefresh":true,"showFog":true,"showSkybox":true,"showFlares":true,"showImageEffects":true,"showParticleSystems":true,"showVisualEffectGraphs":true,"m_FxEnabled":true},"in2DMode":false,"pivot":{"x":-3.0442771911621095,"y":2.0642852783203127,"z":3.421217918395996},"rotation":{"x":0.21716085076332093,"y":0.32524538040161135,"z":-0.07701152563095093,"w":0.9171314835548401},"size":9.479653358459473,"orthographic":false}